UNIQUE_CODE,GRADE,SECTION,STUDENT_NAME
U1101001,Grade 11,01,ABEL BELETE SILESHI
Q928Y2Z,Grade 11,01,ABRHAM BELAYNEH ASRES
B37X5Q0,Grade 11,01,ALELEGNE MENEGISTU TADESS
H64K8W7,Grade 11,01,BEREKET BALEW TILAHUN
T295N6L,Grade 11,01,BEREKET MICHEL ASHENAFI
W579B1V,Grade 11,01,DANIEL MULUKEN TEGENE
K02F4M8,Grade 11,01,DAWIT ALEBACHEW TEGEGN
G85L1S6,Grade 11,01,DEMSEW WORKALEMAHU GEBRE
Z40V3H9,Grade 11,01,EDEN FELEKE ALEMU
N73D6J2,Grade 11,01,ELIAS WORKINA NANESA
O61E8C4,Grade 11,01,ESRAEL WONDWOSSEN TIBEBU
M26U7K5,Grade 11,01,EYERUS SHUMET TAKELE
R49T2B0,Grade 11,01,EYUEL KELEMWORK MENGISTU
P05A3W1,Grade 11,01,GENEZEB DAGIM TADESSE
S72N9V8,Grade 11,01,GETASETEGN SOYSO SOLBE
F189X4Q,Grade 11,01,KALKDAN GIZACHEW BELAY
E342Z7T,Grade 11,01,KIDUS TEKLEMARKOS ABAYENEW
B975L0O,Grade 11,01,LAMROT BIRU AYEHU
C861A5D,Grade 11,01,MAHILET SINTAYEHU TESHOME
V50H4G3,Grade 11,01,MEKONEN TAMRAT HASEN
Y029M1P,Grade 11,01,MESEKEREM DAMITEW NIGATU
X63C0S7,Grade 11,01,MESERET MILLION BIRHANU
U796Q8B,Grade 11,01,MULUKEN HABTIE KASSIE
Q251G4W,Grade 11,01,MULUSET FEKEDE ENEYWU
L14X2Y0,Grade 11,01,NATNAEL WORKU NIGUSE
J08V6C5,Grade 11,01,NETSANET TESHOME NIGUSE
D439A7T,Grade 11,01,RUHAMA AMANUEL ELSHADAY
A69B1P2,Grade 11,01,SELAM BIRHANU SEYUM
W812U3X,Grade 11,01,SELAMAWIT HUSSEN GEMERO
N52F7Y9,Grade 11,01,SETEGN SEWNET AYCHEW
O179M5Z,Grade 11,01,SOLOMON TESFAYE BEKELE
R065C8U,Grade 11,01,TADIYOS DAWIT AIMERO
P381A4S,Grade 11,01,TARIKU SAMUEL SAGE
C246W0K,Grade 11,01,TEGENU MAMO TEKETEL
S903V7L,Grade 11,01,TESFAHUN FEYSA ASCHALEW
M750L2D,Grade 11,01,TINISAE TILAHUN MALE
G62A9B5,Grade 11,01,TSION ADDISU ALEMU
K81V4U0,Grade 11,01,YARED DESSIE HAILU
X549C7W,Grade 11,01,YEABSIRA TENAW ABEJE
Y930Q2N,Grade 11,01,YEABSIRA ELIAS ASHENAFI
Z268E1T,Grade 11,01,YOHANNES GETNET FANTAYE
U475M9P,Grade 11,01,ZEWDITU ADEM ENDRIE
I421A9F,Grade 11,02,ABENEZER AREGA LIBASE
O978K3U,Grade 11,02,ABLANTE DANIEL FESEHA
L65X2P0,Grade 11,02,ABRAM KEBEBEW TADESSE
R132Y7C,Grade 11,02,ADDIS GEDLU YERSAW
N207B6X,Grade 11,02,ASTER MULE BEYENE
W865S1Q,Grade 11,02,BEREKET TEKALGN LEGESE
T539U8E,Grade 11,02,DAGMAWI TADESSE GIDELEW
G08H2Q4,Grade 11,02,DAGMAWI TADESSE TILAHUN
Z79P5X1,Grade 11,02,DAWIT BIRU ALEMU
V641J7N,Grade 11,02,DAWIT ENDALKACHEW GASHE
X175A9R,Grade 11,02,EDEN DEREJE GASHAW
Q582C3L,Grade 11,02,EDILAM WENDIMENEH ASEFA
M320Y6K,Grade 11,02,EFESON ASSEFA WOLDEMARIAM
K716N5B,Grade 11,02,EYERUS AYALEW BABULE
P497R0T,Grade 11,02,FIKIRTEMARIAM WUBSHET ABEBE
H053Z2W,Grade 11,02,GELELA DAGACHEW GULELATE
S269A8Q,Grade 11,02,HANA WORKNEH H/MICHAEL
C917E4M,Grade 11,02,HAWA MOHAMMED ALI
B375N0V,Grade 11,02,HELEN YIRGALEM GASHAW
U50Q6D1,Grade 11,02,HENOK MULUGETA GIRMA
Y812K4Z,Grade 11,02,KALKIDAN BOJA WASE
O096T7S,Grade 11,02,KALKIDAN ALAMIYE DAMISE
W743P9L,Grade 11,02,KIDUS TESFAYE YEMIYAMREW
L259X1B,Grade 11,02,MALAKU KEBEDE MULUNE
J481M2R,Grade 11,02,MATEWOS ANDARGACHEW SEYUM
F620C5Q,Grade 11,02,MATIYAS ABAYE HABTEWOLD
E934U6V,Grade 11,02,MELKAMU GETAHUN WORKU
N107S8Y,Grade 11,02,MIHRET TEGEGNWORK ABEBE
D762Q0Z,Grade 11,02,MIKIYAS ABUSH TEREFE
A398R5H,Grade 11,02,MIKIYAS GETACHEW GEMEDA
X851B4J,Grade 11,02,NARDOS TAMRAT BIRU
G514Z9W,Grade 11,02,NARDOS TEWODROS ABERA
S037M6V,Grade 11,02,NEBIYAT GETACHEW YEMATAW
V682Y0L,Grade 11,02,SAMRAWIT GEZAHEGNE STEKAW
Q215X9U,Grade 11,02,SIRAGE BACHENE JEMAL
Y490P6D,Grade 11,02,SURAFEL ENDALE ENGEDA
M763H1K,Grade 11,02,TARIKU BIRILE ASRATE
B924W5O,Grade 11,02,TEKLEBIRHAN TEWODROS AZENE
H078E3A,Grade 11,02,TSEGAYE GEBREMEDHN DAWUD
Z435T8R,Grade 11,02,YARED TESFAYE NIGUSEE
C591U2X,Grade 11,02,YEABISERA GETACHEW ASTAWESEGN
F206B1N,Grade 11,02,YIGREMACHEW GIRMA TSEGA
K872Y4Q,Grade 11,03,ABEBA MERSHA LEGESE
O146Z9T,Grade 11,03,AMARCHE BOSHA BOLA
V921C6A,Grade 11,03,ASALIFEW BAYU ABEBE
D637U5L,Grade 11,03,BETELHEM METSHAFU ENDALEW
I504R8M,Grade 11,03,BILILIGN TSEGAYE BAYE
Q381W2X,Grade 11,03,BIRUK AYALEKEBET ALEME
N792S5G,Grade 11,03,DAWIT HAILEMICAEL WENDEMAGENGE
R465K0B,Grade 11,03,ELENI ALEMU GETACHEW
Y271M3H,Grade 11,03,EMEBET CHOLBO CHORZHA
P948B6F,Grade 11,03,ENDALKACHEW SOLOMON TADELE
C593X1Q,Grade 11,03,ENDALKACHEW ENDASHAW ABERA
B157H0O,Grade 11,03,ETAGEGN WUBETU DAGNE
G069K4R,Grade 11,03,GETABALEW WENDMU MELESE
T735U8Z,Grade 11,03,НАВТАMU ABIYE BEKELE
W821M6L,Grade 11,03,НАВТАMU KASSA WORKU
L204A7I,Grade 11,03,HALIMA BEDLU KEDIR
X659D2N,Grade 11,03,HAYAT HUSSEN YESUF
S917V8C,Grade 11,03,HENOK ESHETU BOGALE
M470Q3Y,Grade 11,03,HIRUT ADISU ABERA
Z083E5W,Grade 11,03,KALKIDAN GETINET WUDINE
Q528X9T,Grade 11,03,KIRUBEL NEBEREGN BESUYE
F194H6B,Grade 11,03,MAKDES BESHU ARGAYE
E352R7O,Grade 11,03,MEAZA ZERIHUN HASSEN
Y760L1K,Grade 11,03,MEKDES TADESSE FIKADU
H849C5U,Grade 11,03,MERGEE TAKILE TEREFE
B216S3D,Grade 11,03,MESEFEN ALEBACHEW ZEWDU
U035Z9P,Grade 11,03,NEGESTE ASHEBER YEMERU
C471N2W,Grade 11,03,REDIET WORKU MELESSE
A980M1G,Grade 11,03,SAMRAWIT TAYE FELEKE
X164Q5T,Grade 11,03,SELAM MULUKEN AMBAW
R693H8J,Grade 11,03,SISAY LEMMA EJGU
Z527B0Y,Grade 11,03,TADAMIK NIGUSSE MUNYE
W201U7E,Grade 11,03,TEGEGN MENDA MENE
N836K4V,Grade 11,03,TEMESGEN ABRIHAM DAMTE
G095Y2A,Grade 11,03,TIZITA TESFAYE ZONTE
O784P9S,Grade 11,03,TSIGEREDA MELKE WULETAW
E312J5R,Grade 11,03,YANET ZEBENE BEGASHAW
L940V6I,Grade 11,03,YEABSIRA DEREJE TSAGAW
J589D3Z,Grade 11,03,YEGEREMACHEW GIRMA TSEGA
S156Q0N,Grade 11,03,YIBELTAL MINALE MELESEW
D738A1C,Grade 11,03,YORDANOS GETACHEW MEBRATU
V017X4M,Grade 11,03,YORDANOS TAYE MENEDA
T187B2Y,Grade 11,04,ABDULKERIM NURU ABRAR
P751A8Q,Grade 11,04,ABEBE ADMASU ELE
N904G3U,Grade 11,04,ABRHAM SOLOMON AWELE
Q412X5D,Grade 11,04,AJEBEW ABEBE DEGUALEM
L068W9M,Grade 11,04,BAYUSH WELELAW TIRUNEH
C635S2F,Grade 11,04,BINIYAM GETU BAYE
B597V0H,Grade 11,04,BONTU GEMECHU TEREFE
H281Z3J,Grade 11,04,EDIDIYA BESUFIKAD LEMMA
U704P1X,Grade 11,04,EDLAM AYALKBET DENEKE
Z329A6G,Grade 11,04,EPHREM BEKELE WERKU
W576Y4R,Grade 11,04,EYERUS BEKELE DERIBE
D135B9Q,Grade 11,04,EYOSIYAS BEREKET KEBEDE
G802V7M,Grade 11,04,GETASETEGN BIRHAN ABEBE
R691U5L,Grade 11,04,GETENESH MULUGETA BEKELE
O947K2S,Grade 11,04,KALKIDAN DIRESS TIBEBU
Y053X8C,Grade 11,04,KALKIDAN NEGO BOCHENA
M169T0B,Grade 11,04,KEBDE ALEMU SHIFERAW
S482D7N,Grade 11,04,LEMLEM DERB AYELE
F710P5Z,Grade 11,04,MANDEFRO TSEGAYE TADSSE
E238L6W,Grade 11,04,MASTEWAL SELESHI KOSE
A954H1J,Grade 11,04,MEBEAMARIAM ALAYU WESENE
X061Q4V,Grade 11,04,MESKEREM MESFIN GENCHORE
K720Z8R,Grade 11,04,MURIDA MOHAMMED SEID
V395N2T,Grade 11,04,NAHOM DAGNACHEW CHEKOL
B863Y0H,Grade 11,04,NATNAEL GETASETEGN TEGNE
U148A7C,Grade 11,04,NATNAEL TAMRAT KEBEDE
J512G9L,Grade 11,04,REDIET ABERE EMAYU
W679M3S,Grade 11,04,RIBIKA EGO BUTA
T205R6N,Grade 11,04,SARON SAMUEL ALEMU
L473Q1K,Grade 11,04,SEID RIYAD HUSSEN
Q921B5U,Grade 11,04,SELAM DERESE МОНАВА
N386Z7A,Grade 11,04,SINTAYEHU MISGANAWE TANEWI
C019E4W,Grade 11,04,TADESSE ALEGNETA GETAHUN
G537K6O,Grade 11,04,TAMIRAT BAYISA ADANE
S650X8P,Grade 11,04,TIGIST MANAYE BELAYNEH
P104W2V,Grade 11,04,TINBET TAMRAT BIRU
Y892J5H,Grade 11,04,TSION MAFEGNAW KITAW
Z745U0R,Grade 11,04,YETNAYET SINETAYEHU TESFAYE
K218H9C,Grade 11,04,YOHANIS SISAY TEKALIGN
R369N7Y,Grade 11,04,YOHANNES ASNAKE WELDEKIDAN
F850Q3B,Grade 11,04,YOHANNIS MINISHAW HAILU
E471C5X,Grade 11,04,ZEKARIYAS ASEBE ZENEBE
K871B9L,Grade 11,05,ADDIS ZELALEM WORKU
Y425J3W,Grade 11,05,ALAZAR GESSESE ESHETU
O098R7Z,Grade 11,05,AYESENAWU HABTAMU CAFE
P126A4U,Grade 11,05,BEREKET TESFAYE TALO
W395S0B,Grade 11,05,BETELEHEM AWLACHEW BOGALE
N582M6Q,Grade 11,05,BIRTUKAN HAYILEMARIAM DAMTEW
L710D3X,Grade 11,05,BUSHO TESHOME FETENE
Z634Q1H,Grade 11,05,DANEL TADESE MULATU
T957U8P,Grade 11,05,EDEN SAMUEL TESEMA
X201N4W,Grade 11,05,EFRATA HAILEMARIYAM WOLDESENBET
S543Y2K,Grade 11,05,EHITE GEBREMICHAEL FONZA
C486A0G,Grade 11,05,FEVEN AYFOKRU TSEGA
B791H6U,Grade 11,05,FIKRTE MESFIN BELTE
M928Q3Z,Grade 11,05,GENET TEGEGN SISAY
D615R5E,Grade 11,05,GENET TESHOME BELETE
Q072W1N,Grade 11,05,HAILE TAFESE FIREW
G834Z9L,Grade 11,05,HANA TAMENE TUFA
H190C5R,Grade 11,05,HIRUT BIZUAYEHU KEBEDE
J367V2Y,Grade 11,05,KALKIDAN ADDIS ALAYU
O529A8T,Grade 11,05,KALKIDAN WOLDE MOSHE
E856U1B,Grade 11,05,LOMI GIRMA KEBEDE
R641P7N,Grade 11,05,MARTA BEREKET TENA
U078C9M,Grade 11,05,MARTA ZEWGE KONTE
X213Z5H,Grade 11,05,MEKIDES SEWBIHON MIRE
P905N2A,Grade 11,05,MERON DEJENE GEBESA
L362Y0T,Grade 11,05,MIKIYAS SHEWATATEK TEFERA
S489H6R,Grade 11,05,NARDOS TAFESE TEFERA
C734B1Q,Grade 11,05,OBSE GADISSA TESHOME
A950E7W,Grade 11,05,ROBEL GETASETEGN DAMTEW
V173P9K,Grade 11,05,ROMAN TESFAYE SHEWAYE
Y621M4X,Grade 11,05,SUSNIYA SEIFU MUZEMIL
F987J0D,Grade 11,05,TENAYE ALEMU DEREJE
N215S7W,Grade 11,05,TEWODROS FEKADU DELELEGNE
Q590A3B,Grade 11,05,TIGST ABINEW TADEGE
B643U6L,Grade 11,05,TSIGE BEYENE TAYU
U801Y2M,Grade 11,05,WEBERST TEFERI DENGRESA
Z768K9C,Grade 11,05,WUDASSIE MEKONNEN NEGASH
D035Q5X,Grade 11,05,YEZINA MENBERE MESAY
H142R8T,Grade 11,05,ZENU TESHOME FETENE
UNIQUE_CODE,GRADE,SECTION,STUDENT_NAME
W870T2F,Grade 11,06,ABREHAM MESFIN AGZE
L629C4Z,Grade 11,06,AHMED ZEYNU MUHAMED
B158S0V,Grade 11,06,AΥΝΑBEBA BELAY ZELEKE
O064W7N,Grade 11,06,BEMNET DEREJE ARAYA
Y321Q9R,Grade 11,06,BETELHEM AMARE MULU
Q785M1D,Grade 11,06,DAGMAWI TEWABE TALEMA
N932X5K,Grade 11,06,DAGMAWIT ASEGID MULUGETA
C476G3B,Grade 11,06,DANIEL TAGAY WAYAW
G513V8U,Grade 11,06,ELENI MELKU ALEBACHEW
M241Y0H,Grade 11,06,EYERUS TESFAHUN KASSAYE
X098P6T,Grade 11,06,FASILE TESFAYE TSEDEKE
A365N7W,Grade 11,06,FIREW YAWKAL GESSESSE
S107Z5L,Grade 11,06,GODADA ARAGAW MEKUANINT
D872Q9C,Grade 11,06,HANA GIRMA MEKONNEN
J493Y2B,Grade 11,06,HANA KIDANU MAMO
K601R8U,Grade 11,06,HAYAT MOHAMMED ASSEFA
P350V1G,Grade 11,06,HENOK WORKYE GASHAW
Z714A2X,Grade 11,06,HIWOT YELEKAL WALELGNE
U895B0M,Grade 11,06,KIDIST TESFAYE AWOKE
R263X7E,Grade 11,06,MARSELLA GIRMAYENEH MAMO
O429H1Y,Grade 11,06,MEKDELAWIT BAZEZEW SHEWATATI
V906G3P,Grade 11,06,MEKDELAWIT YIREFU HAILIYE
I153S8N,Grade 11,06,MEKDES GEZAHAGN SHIFERAW
E084Y6K,Grade 11,06,MEKDES TESHOME ABATENEH
W637C5A,Grade 11,06,MELAT BISRAT GASHAW
T549B1Q,Grade 11,06,MIRITNESH KIBRU NIMANI
Y103W8H,Grade 11,06,NARDOS ADDISU GUDETA
K847F6J,Grade 11,06,NATNAEL TILAHUN AYELE
P792B0X,Grade 11,06,NORDOS KASAHUN SHEWAREGED
U651A4M,Grade 11,06,REDIAT MIKIYAS MAMO
M908S2N,Grade 11,06,SAMARAWIT ANDINET HAILU
J263Y7E,Grade 11,06,SAMRAWIT GEBREWOLD SEIFU
H371A9L,Grade 11,06,SAMUEL AMBAYE AYIKA
L720X4N,Grade 11,06,SAMUEL DAGN MULUGETA
F518K0T,Grade 11,06,TIGIST ZEWDU TADESE
E290C6Z,Grade 11,06,TSEDENIYA DAGNACHEW SEMUNEG
D407Q3S,Grade 11,06,TSION AYENACHEW SHENKUT
A961W1R,Grade 11,06,WUDE SHIBIRE ZENEBU
X128U5M,Grade 11,06,YEABSRA ZEWEDU SHIFERAW
C536Z8Y,Grade 11,06,YOHANNES DEBEBE ZEWDE
g7h8b,Grade 11,07,AMANUIL CHERU GIRMA
c1l3y,Grade 11,07,ASMERA BANTE EWNETU
n6q2k,Grade 11,07,BETELHEM ADISU DEGEFA
z0y9a,Grade 11,07,BETELHEM ESHETU ASCHENAK
u4p5t,Grade 11,07,BLEN MESFIN CHERINET
w8s1r,Grade 11,07,DAGMAWIT ABABISH TEKALIO
i2x4j,Grade 11,07,DANEL TILAHUN MEBRATU
r9q0b,Grade 11,07,DAWIT MEKONEN ADERE
k5c7h,Grade 11,07,DEMOZ CHEBER ADBER
p1z3q,Grade 11,07,ELENI HAILU TAMENE
o3y6l,Grade 11,07,FANTAHUN ALEMAYEW MEKOMA
b6n9k,Grade 11,07,FERAHIWOT KETEMA KASE
u7w2p,Grade 11,07,FIKIRTE SISAY HAYLE
a4r5i,Grade 11,07,FIREHIWOT ABUYE EJIGU
g1e8v,Grade 11,07,GENZEBE AMECHA GAMO
h9q4c,Grade 11,07,HASET TAMIRU TEREFE
k2v1t,Grade 11,07,HAYAT NURADDIS BEDEWI
y0o7b,Grade 11,07,HIWOT SHAMBEL GESET
j5r3w,Grade 11,07,KALKIDAN AMARE ALEMU
n8a0z,Grade 11,07,KALKIDAN MIKIR TADESSE
u1g6p,Grade 11,07,KIDIST BAYU AMBERBER
c9h4y,Grade 11,07,LAYKUN H/GORGIS WENDIM
w3p0k,Grade 11,07,MAHLET HAILE ABRHA
r7j6b,Grade 11,07,MARTA TAYE NIGUSE
y0d8q,Grade 11,07,MEKDES MELAKU MESSA
p6a3h,Grade 11,07,MEKEDELAWIT ABATE YITREF
l1w5c,Grade 11,07,MEKEDES MULUGATA ZEWDA
q3s9v,Grade 11,07,MESFIN DEMISSIE BIRU
z8e6b,Grade 11,07,MIKIDES MENGESTU ZULA
b5n1w,Grade 11,07,NAHOM DEMISSIE DESTA
u9h4j,Grade 11,07,RAHEL DECHA DOJA
r4g0p,Grade 11,07,REDIAT ASEGED BESUYE
o2c7k,Grade 11,07,SELAMAWIT ESUBALEW WEND
y0w9a,Grade 11,07,TAMRAT GOREMS YEMER
k7l5z,Grade 11,07,TARIKUA ABAYNEH AMARE
i3n1h,Grade 11,07,TIGIST BAYU ABERA
s6p4w,Grade 11,07,TIGIST YIMER ASEKIK
c9b2q,Grade 11,07,WEGAYEHU WAYALE INJE
q1x5m,Grade 11,07,WERKU NIGUS ABEBE
u3h0b,Grade 11,07,ZINASH MEGERSA BEDADA
q7v8o,Grade 11,08,ALAZAR AKILILU ABATE
y4a1m,Grade 11,08,ALAZAR KASAHUN DEMISSE
h5p9z,Grade 11,08,ALEMTSEHAY DEREBA MULETA
u3i6q,Grade 11,08,ATALAY LAMESGEN BAYH
c1w2k,Grade 11,08,BEMENET DANIEL GETYE
w6g8r,Grade 11,08,BEREKET TEMESGEN WENDIMU
z0p5j,Grade 11,08,BIZUAYEHU KASAHUN TESHOME
k8v9b,Grade 11,08,EMEBET FEKADU BEKELE
o1c3u,Grade 11,08,ENANEYA AMLAKU YOHLA
b5y7h,Grade 11,08,ESETE SISAY GIRMA
r4x0z,Grade 11,08,EYERUS AMARE NEGATU
w1q6p,Grade 11,08,GENET WALELGNE WORKU
g9k3i,Grade 11,08,GENZEB HABTAMU DILO
p3n5r,Grade 11,08,GETE TADESSE WOLDEHAWARIAT
j0h1w,Grade 11,08,НАВТAMU DAMANA WULO
o7a4x,Grade 11,08,HAIMANOT BIRUK ABUGEBAR
t5c7z,Grade 11,08,HAIMANOT DERESE GEREMEW
b2y1q,Grade 11,08,HANA TESHIBELAY BOGALE
u0v8i,Grade 11,08,HIWOT GOREMS YIMER
w9k6b,Grade 11,08,HIWOT KASAHUN KEBEDE
r7d9p,Grade 11,08,HIWOT YOHANNES BELAYNEH
y5a1g,Grade 11,08,KALKIDAN SISAY MOGES
h4m8u,Grade 11,08,ΚΕΝΕAN BIRHANU TESHOME
c1q3a,Grade 11,08,MAHLET SAMUEL SASO
g8a6p,Grade 11,09,GRADE,SECTION
e5s9r,Grade 11,09,UNIQUE_CODE,STUDENT_NAME
m2x1z,Grade 11,09,ARSEMA MAMARU ABEBE
l3i7w,Grade 11,09,AYELE ASFAW BEKELE
k9q5n,Grade 11,09,AYELECH KAMIRE KETA
o1b4c,Grade 11,09,BEREKET DEREJE ABEBE
h6d0q,Grade 11,09,BETELHEM SELEMON MULATU
w4y8s,Grade 11,09,BEZAWIT BOLADO BOKE
t2p5j,Grade 11,09,BILEN KEBEDE BELACHEW
u0g9f,Grade 11,09,DAGMAWIT TAKELE GETU
y7a3x,Grade 11,09,EDLAM KASAHUN MEKONEN
i8n2q,Grade 11,09,ELENI WALELEGN TEMESGEN
r5w1o,Grade 11,09,EYOB BIRHANU TEKETEL
c6z7k,Grade 11,09,FAIZA AHMED INDRIS
v9t4b,Grade 11,09,GENEZEB HABTAMU DILO
f0o8p,Grade 11,09,GETE WAKE MENJETA
b2y5s,Grade 11,09,HAREGUA TEGENEWORK ALEMAYHU
q7k8v,Grade 11,09,HIWOT BEHAILU BEKELE
d4j2a,Grade 11,09,HULUAGRSH SHEGAW GEBRESELIASE
a1p9o,Grade 11,09,HUSNIA SEIFU MUZEMIL
k9y3a,Grade 11,09,KALKIDAN MEKONNEN GEZEHGN
b3h0p,Grade 11,09,KIDUS BEZABH TEDLA
s5a6w,Grade 11,09,LEMLEM SHAMBEL ASHEBIR
z8g9n,Grade 11,09,MAHLET ALEMYE YILMA
u4k5q,Grade 11,09,MERON TEMESEGEN DESALEGN
o7c2h,Grade 11,09,NEBYAT HAILE SORBIA
e0l1r,Grade 11,09,REDIET AYELE ABERA
q3u4v,Grade 11,09,SARA HAILU ESHETU
w1i7y,Grade 11,09,SELAMAWIT SHEWAMOLTOT ZEWDE
g6p0a,Grade 11,09,SEMAHEGNE BELAY AWELACHEW
k9r3m,Grade 11,09,TAYIBACHEW GOREMS KEBEDE
o3c9j,Grade 11,09,TEWODEROS FEKADU DELELEGNE
p7y1h,Grade 11,09,TIRNGO BAMLAKU AREGAW
r4l5q,Grade 11,09,TSEHAY GIRMA KEBEDE
y0v8i,Grade 11,09,TSEHAY MILLION TEGEGNE
a1w4j,Grade 11,09,TSINAT NATNAEL ABEBE
j6g9p,Grade 11,09,YENENESH MAMUSH TESHOME
u8r2b,Grade 11,09,YOHANNES ABIYE MULUSAWU
q0e5t,Grade 11,09,ZEBIDER GOREMS GUAGU
