id,username,email,password_hash,role_id,timestamp,is_leader,leader_id
1,hr_ceo,hr@gmail.com,pbkdf2:sha256:600000$mLfiM7wAPLQkdLsQ$2f64b68e01a042d649bed24b9321a29839dc713e91db771a00a994ffcb0b3e7f,4,"2025-05-03 15:19:16.693385",0,
2,hr,hrr@gmail.com,pbkdf2:sha256:600000$TnDBiJVZGTcNquDV$1b202d5248e9604aa54b8f737fe42780d2fd204fe7386c3c7563d33e462cdbc6,2,"2025-05-03 15:19:16.693385",0,
3,human,hru@gmail.com,pbkdf2:sha256:600000$7k6LkbhLqUkYQWZp$a4de388a6f4889a40f3a6c0c17e3f7378ef5f2d763df395ad1803c0556c28ebe,2,"2025-05-03 15:19:16.693385",0,
4,Stud,Stud@gmail.com,pbkdf2:sha256:600000$S2dWR0VomSDn9Wep$e202f70435864fa781702fc5ceba3780c90128d2cb4d911b1bfcb550246320c9,1,"2025-05-03 16:50:07.320357",0,
